Address,GiniIncomeClass,GiniSendClass,GiniIncomeValue,GiniSendValue,totNumTransaction,inNumTransaction,outNumTransaction,paying,paid,numberAddressesPaidAfterTheyPaid,lifeAddress,activityDay,frequentUse,moreTransaction,inPerCent,mediaIncomeV,mediaSendV,devStandardIncomeV,devStandardSendV,varianzaSendV,varianzaIncomeV,totalSendBTC,totalIncomeBTC,totalSendUSD,totalIncomeUSD,maxNumTransRec,maxDiffDay,minResponsiveness,avgResponsiveness,maxResponsiveness,rangoCluster,type
1ACEdnwebVAVo6ovenbzmkBzodmmWZmU3i 98.2698 88.77551 65.24295 51.30877 116 102 14 98 15 0 1020 884 false true 87.93104 4.3248328E7 3.15095104E8 7.49659210203222E7 3.303610848291625E8 1.09138435E17 1.83039085E17 4411331135 4411331135 4499.96678229779 466.5675082343713 3 1208000000 6618 179049 1194754 3 N 
1H7WPf7p4JrxabxHEwMSdJMvjPBqmEmhKJ 98.812294 97.10215 82.676254 63.61552 1732 1664 68 1186 65 3 2291 2290 false true 96.073906 1.02783494E9 2.51516867E10 3.9675922979866834E9 3.799990844669851E10 1.4439928E21 2.0259539E21 1710314753842 1710314753842 7035953.761050937 247158.50039963893 11 250002700000 3103 629065 28428076 63 N 
12D1ndheoyNDKEsGNQHtz3Bofd6MSvht1D 99.867775 96.42849 82.76043 66.07651 791 763 28 731 35 2 2291 2289 false true 96.460175 1.7337248E7 4.6824544E8 5.1506714720969595E7 9.312993511762061E8 8.6731841E17 1.07063646E18 13110870949 13228314449 10582.881428140678 10149.275479624945 7 5004000000 3038 371609 4528191 22 N 
13o3CTyDC1U3RrWogKxukVqWc7fXsuekmR 92.00001 85.714294 81.38765 53.819435 27 20 7 19 12 0 1411 1411 false false 74.07407 5.773952E8 1.58970765E9 1.1933239964583595E9 1.5894030604964342E9 2.52620218E18 3.55097863E18 11127953247 11547903247 41865.15597080873 1803.3620511609852 3 3832900000 972021 10431250 27813152 1 N 
18zdnbQqVN1A5MdTFWZtexCNAhtWViBaDb 73.973045 94.98271 44.449825 51.591827 117 83 34 55 35 10 15 11 false true 70.94017 1.6974098E7 4.1436764E7 2.4906419611723058E7 4.43075164288335E7 1.96315613E15 2.56157809E15 1408850000 1408850000 152.44056855726353 140.72259981278705 35 347500000 0 8956 83026 25 N 
19gzz2i8kJVp6PSSbd3BDKjrPhH8MuspdP 98.45915 0.0 25.99 0.0 141 140 1 119 1 0 2329 2329 false true 99.29078 1.22078568E8 8.62E8 6.1318497818694465E7 0.0 0.0 5.47483673E17 862000000 17091000001 0.0 343.3047539666008 6 862000000 53749479 53749479 53749479 3 N 
1N7o4HgXr9uT54hjYjB74ZBLXqcuhzVWKu 89.58334 79.99999 50.951775 55.268818 29 24 5 24 5 0 36 32 false false 82.75862 8208333.5 3.72E7 8331562.146357141 4.456635502259524E7 1.98615998E15 2.82667689E15 186000000 197000000 34.29267497944832 22.812753815954736 3 96000000 1222 20170 50680 3 N 
19FdyzEeWB7fz49zSLphD2oHAnpbebYDSK 97.21123 94.10151 48.239826 67.461555 190 163 27 107 27 1 516 512 false true 85.789474 1.6339264E8 9.8640736E8 3.287984059241539E8 1.4284777207050352E9 2.04054872E18 2.71790203E18 26633000000 26633000000 2422.836154281027 2059.9505563626367 4 4503000000 736 1332400 31362561 18 N 
1BnChnfxxNCrnyALJPQUt13LeANfd8PCCA 96.72923 97.99335 88.43235 87.82345 10521 6774 3747 5129 3913 34 1574 874 true true 64.38551 2.19490128E8 3.96791232E8 3.5185546604955144E9 5.629401107163743E9 3.1689596E19 3.1721234E19 1486761382324 1486790384324 185796.54818266825 104262.72468352885 246 250000000000 0 4372 1744074 154 N 
1JZKaCTd4Qu6h4KvtcCmtBzuW7HGY4pjv4 97.52708 97.519936 73.1912 71.190575 2053 1151 902 527 1039 235 2333 841 true true 56.064297 6.9865696E7 8.9152472E7 1.6773045537332922E8 2.4185694550641537E8 5.8494809E16 5.8866878E16 80415673128 80415673128 10962.479857097414 8172.768125822968 63 2764000000 0 36412 3351432 315 N 
1LP96G1yiNHRUm8A15YEoNTBPZucAnXeH7 87.71265 90.87995 92.84481 90.2017 71 46 25 46 32 6 147 58 false false 64.788734 8.7586944E7 1.6104E8 4.943660850930754E8 6.622695460059681E8 4.38600892E17 4.43996264E17 4026000000 4029000000 68.40578613907621 43.11497033888047 14 3486000000 0 212970 1352193 12 N 
1nykJKnvDPwQpfpMvafn1xRzWqCv1Zx5y 94.70569 89.1967 67.18172 29.055729 80 61 19 61 19 0 85 59 false false 76.25 6.0366624E7 1.93808608E8 8.972283859233257E7 1.0537637005361833E8 1.11041795E16 2.89109453E16 3682364020 3682364020 514.6605236840962 533.7783340354679 3 354000000 277 24848 150709 10 N 
17ArD4YrzgQZ6zTh8KbVe1iYQjLi36FL6Y 99.70272 98.18566 51.816147 78.19584 1194 1111 83 435 81 3 1763 1303 false true 93.04858 1.71324192E8 2.29326797E9 7.368646820447725E8 6.036045494811458E9 3.6433853E19 4.0936485E19 190341286838 190341286838 43885.9051961117 23061.705450900976 6 36166092959 366 361897 17972517 60 N 
1BsuVJfFyWWXEEBm99Az6mnhYD83tQq9e3 99.39884 99.23662 81.21244 81.231255 16494 9704 6790 6305 9147 184 2272 2198 true true 58.833515 1.18513216E9 1.69374298E9 6.214469102385559E9 1.1178316363704771E10 1.2495294E20 1.25214055E20 11500556198663 11500564199663 896746.2807918724 862667.275397427 99 1244804492997 0 32864 88300027 269 N 
1DeCCcuBeiPytm3b1oGzq4ehtDHWdbGHWg 99.02802 99.10252 90.89724 86.48127 4722 2949 1773 2134 2910 16 2274 1830 false true 62.45235 3.17788416E8 5.28573312E8 2.248331741895014E9 2.910655570111759E9 8.4719163E18 8.5163465E18 937158599585 937158601585 82298.54536478253 81771.72395152987 34 39516000000 0 68502 63765812 47 N 
1Mz6PNnCJ1cwVK3qaH66QtCko5oNaHN4a 92.068085 96.966286 69.084366 73.32823 307 224 83 211 102 10 1186 373 false true 72.96417 3.67703859E9 9.9235697E9 1.001942874987476E10 1.936240085122659E10 3.7490268E20 4.1392176E20 823656332778 823656332778 47552.588233561415 19339.666825617245 16 100000000000 0 150925 2299247 17 N 
1DbccLNcWNuxxVJVR3z7VZCPx6QYu3JJEr 96.87496 89.25618 39.10825 42.967545 51 40 11 35 12 0 63 54 false false 78.43137 3.45250016E8 1.25545459E9 2.564731713080343E8 1.1761124211258433E9 1.38324047E18 2.21171286E18 13810000000 13810000000 474.2298856294631 396.603551773796 6 3980000000 0 28272 72938 4 N 
19AVwnyf4QPzSYyHJoUYdPa9iy8NNGoH11 98.81232 99.40067 67.06078 65.85189 1247 826 421 734 227 15 1390 827 false true 66.238976 3.9851104E8 7.8186874E8 7.723620919244854E8 1.4417495961361372E9 2.07864006E18 2.22560491E18 329166710765 329170178449 36631.85836756531 34116.18143817199 17 16000000000 0 27914 1385868 62 N 
161DmSexYD3duToyz8XSWFb1TwmLT2jfoQ 95.703125 94.117615 73.492485 59.336693 49 32 17 26 19 4 711 710 false false 65.30612 1.17502502E9 2.21181158E9 2.0606710949839826E9 2.594347691138411E9 6.7306395E18 7.8055677E18 37600800000 37600800000 9865.682969671194 5792.402626241345 4 10000000000 0 312785 1826316 12 N 
15Mgz6jRSWhM1zmWyuuSsQifRwFBWGtUnk 99.04362 99.432594 94.11252 92.64784 13694 9388 4306 7181 4467 37 2489 2176 true true 68.55557 7.240713E8 1.57860224E9 9.316626817588652E9 1.8418228490727703E10 3.392272E20 3.399634E20 6797446665212 6797499705592 292943.53903066466 170560.93342845284 269 1733985000000 0 11387 14933126 161 N 
1P6m7vVwfrC3drhc8uCfRueiVTrAR7wtte 98.63945 98.970985 71.118454 70.07738 1802 984 818 934 911 7 321 269 false true 54.605995 1.6935544E8 2.03723344E8 6.75827454468075E8 7.43282047147557E8 5.52468103E17 5.53649459E17 166645819141 166645819141 15586.929904017057 13731.187665383817 34 17982000000 0 10511 2148207 27 N 
1JFXgMMJ994vcexEmD8WoxoV88vDs4ixvj 98.96624 90.90907 46.833508 55.701344 175 164 11 93 10 0 2285 2285 false true 93.71429 1.28667512E8 6.6561779E8 1.0827591886362594E8 6.995559408433554E8 4.89378538E17 7.7769413E17 7321795790 21101472097 80230.54122541359 3132.902983648018 10 4001180509 42889 10353141 20663394 2 N 
1HVio1SrHXxgXvMMavmzaFDRRfcx2KnivW 99.4595 97.005135 43.71071 75.238 267 230 37 205 60 1 1735 1017 false true 86.14232 9.3153016E7 5.7905907E8 9.402375480057572E7 9.923665370586216E8 9.8479147E17 1.22089634E18 21425184874 21425184874 7985.822050274765 1505.5875793767848 7 4414771526 4453 1530023 41466381 18 N 
1JQ7HhDvvU8ZGNTJ1kJe7LXvchhomZGRoD 98.86389 0.0 56.55021 NaN 89 88 1 35 0 0 1123 1123 false false 98.8764 6323394.0 0.0 6849020.927706863 0.0 0.0 3.9985311E13 0 556458542 0.0 469.0476687521346 5 0 9223372036854775807 0 -9223372036854775808 1 N 
15kcVfpMoUc3jsPxNTznX44oNDp2P2oqqJ 86.32099 93.8775 34.01202 39.50412 66 45 21 11 24 1 61 47 false false 68.181816 4.191112E7 8.9809528E7 4.321564645779941E7 7.097794174622594E7 5.0378683E15 7.332126E15 1886000000 1886000000 265.17894040963057 279.9439861340687 3 229000000 1579 50220 330795 5 N 
19fMciBidCfQvzvxVKcgRaU5jmAp2SqkMM 93.860565 0.0 64.857544 0.0 32 31 1 8 1 0 38 37 false false 96.875 2.37950688E8 7.3764721E9 6.70415834618866E8 0.0 0.0 5.095849E19 7376471888 7376471888 0.0 1655.4569397217192 3 7376471888 612399 612399 612399 4 N 
1B3e87Mq114UoYnWUtxRe4ua5oARYNSi4C 97.16443 95.6632 94.530045 87.460434 97 69 28 68 29 3 847 814 false false 71.13402 3.12662861E9 7.7026975E9 1.5020792974913437E10 2.342640281314062E10 5.4879634E20 5.697367E20 215675514517 215737326695 1927.7073162075278 1857.0315765852947 4 4595000000 0 63383 320449 20 N 
1GiRmcEFZPCAhN3Q4LRdQPDUqysQm7AtPi 86.25909 90.2778 41.349655 42.941414 51 39 12 34 10 0 694 690 false false 76.47059 1.07948712E8 3.50833312E8 9.126629166665287E7 2.9921699428415674E8 8.9530809E16 1.48523731E17 4210000000 4210000000 663.0509017384052 514.4105956296174 4 531000000 0 69390 213961 11 N 
1FWVFc6bqLyrmkS4dmWP7CGYGaHtUFde8D 97.835495 98.97078 71.91523 78.660034 4322 2832 1490 2033 1832 26 1477 1398 false true 65.52522 2.17124672E8 4.12547712E8 6.618434122260431E8 1.740686624708641E9 3.02999154E18 3.0681762E18 614693572918 614890892874 53503.60669147338 25349.741481151093 39 64208000000 0 10036 160914 141 N 
1JGzfmt4PnocTt3N9CjgiAy4HvbR1S7KEX 98.78264 99.2608 85.82016 84.71385 24779 18063 6716 15333 6860 139 1483 1198 true true 72.8964 2.89476448E8 7.7852365E8 3.8860530974866185E9 7.642327611682456E9 5.8405715E19 5.8643385E19 5228548302739 5228689057011 382169.31004008994 356243.13173599116 828 496704000000 0 1955 569421 476 N 
12zLSnCKxoMHxaDdEWMqV3CJronBxiJueF 84.86587 88.88891 21.623627 71.79039 238 226 12 202 15 0 672 671 false true 94.957985 1.7813928E8 3.35495987E9 8.806976323956189E7 5.307969531505686E9 2.817454E19 3.826673E19 40259523544 40259523544 9518.721467521382 3593.9420990520525 5 15696281749 1879 910254 9859633 11 N 
17GqF7Ghg2dUAYeuNzwpu7Zvm8zNnkbmrC 97.20825 99.56891 79.548645 64.36735 4015 2977 1038 1177 1882 22 831 282 false true 74.14695 5.14432E7 1.47541936E8 1.8222512474718818E8 3.117616511542102E8 9.7195316E16 1.06430398E17 153148489389 153148489389 19448.484414269617 20958.92629144632 42 2519837368 0 10795 1170816 278 N 
1DeP2GppoYXigAis83cEyEUYn6nK6D3nzH 97.647514 95.68413 77.49323 68.101074 171 138 33 21 42 2 292 291 false true 80.70175 8.9518643E8 3.74350643E9 2.065161798474553E9 5.836307392062753E9 3.4062485E19 4.217541E19 123535726632 123535726632 12848.913441805715 9721.396759171123 20 29656696646 3447 299686 1949341 29 N 
17U2LQRbraFsogr1ZUFqDD3nSLP7vV3tqC 99.21397 99.10904 73.80575 60.923748 524 347 177 172 228 53 960 960 false true 66.221375 1.1785815E7 2.3105402E7 2.2384568777762596E7 3.1591423841829512E7 9.9801813E14 1.12615116E15 4089656297 4089676297 5103.69051727932 4762.775247091708 30 108819434 0 110648 11311613 136 N 
1AcZS4nYC1ZxAcXfUyjnrXhXeMD2tGbs1q 96.06409 94.4444 68.73901 56.518715 86 68 18 55 34 2 30 11 false false 79.06977 2.72180032E8 1.02823552E9 4.837194066841885E8 1.3464790182935061E9 1.81300575E18 2.38462632E18 18508240345 18508240345 2537.961559828592 2257.603117509761 10 3000000000 1186 13017 82704 51 N 
16RNVJ5G3xbrfwW6gHj1hCDxcghe89e7pm 92.66125 97.65619 65.70543 70.80552 437 389 48 318 43 0 1625 1588 false true 89.01602 1.97306368E8 1.59900006E9 2.7581888787806547E8 3.5708595105517373E9 1.2751037E19 1.4715784E19 76752010000 76752010000 20445.59434567474 4473.755752764198 3 17980000000 0 756604 18096104 23 N 
1EqDJp71fMNF6HRp5kHTBU3yFdNrbVbJdZ 75.94121 50.0 51.033054 25.00364 68 66 2 51 2 0 1514 1513 false false 97.05882 3333333.2 1.1E8 5433714.587850768 5.500800400000015E7 3.02588043E15 1.44036582E16 220000000 220000000 532.0785482856453 1.8263939713744444 15 220000000 130067579 130067579 130067579 2 N 
1PXFuckhNuzu4v7SCoSZYqkPZUwEWTLD9X 99.59677 93.33337 89.54322 73.50089 520 505 15 207 16 0 1822 1822 false true 97.11539 5360214.5 1.71008048E8 2.39620114191288E7 3.664185165665268E8 1.34262525E17 1.61701688E17 2565120720 2706909144 12717.474151614613 2908.2310424028533 6 1482000000 0 218743 2497955 12 N 
172mEMAPYc6KVtjY2d8ahgNrCENfF7k2HR 72.69484 95.15573 43.394188 51.93121 116 82 34 54 36 9 15 11 false true 70.68965 1.710183E7 4.1245592E7 2.4836372746243823E7 4.491582627477801E7 2.01743164E15 2.60035278E15 1402350000 1402350000 146.14259339076168 135.8137946852753 36 304000000 0 8685 83026 24 N 
1JQ5ikoYjpwYbYLKHzjtdFbCK6YurNfR86 97.280846 73.46939 9.901546 79.150154 749 742 7 175 8 0 1564 1563 false true 99.06542 1178444.9 7.9591368E7 324908.26829320524 1.7381374722604245E8 3.0211223E16 3.6359806E16 557139631 874406131 39.20145288204364 55.851900277457275 8 503918308 4222 28249 143969 8 N 
18deUXdLF9DC9Zxsxt1Wen377xKXCVy4if 97.52489 99.719826 59.526096 66.843376 3039 2519 520 1077 313 3 2331 2264 false true 82.88911 3.0288704E8 1.44225139E9 6.576391457331946E8 2.485181766799558E9 6.1761311E18 7.4742799E18 749970951517 762970961521 973671.1986375204 674584.4044039405 14 29030665162 0 53902 7478785 356 N 
1C3aCkgu3rB77pB3bJX3rGGp1uzkftwPy 97.663864 87.60329 37.801636 54.73865 136 125 11 32 9 0 724 723 false true 91.911766 2.48719104E8 2.8263529E9 5.569701022308761E8 2.9997519312916417E9 8.998512E18 1.5642708E19 31089883709 31089883709 33764.97350868089 12809.102400971196 2 10346776644 5232 4044099 11887102 11 N 
1B1ZGS4kAVQuwvbVKNvGDddYFwrQxu7Pt4 95.64897 97.622475 76.236465 75.07346 541 314 227 196 301 6 409 287 false true 58.040665 5.4842432E8 7.5861331E8 1.5008322996744452E9 1.793156154779152E9 3.21540823E18 3.25958798E18 172205188046 172205188046 13944.180319579937 12932.757525057386 10 20080149370 0 63586 3183458 52 N 
12ggS6Xd5pMSPErz32tThPsB83uSBWqT4S 86.64351 93.2703 88.77599 85.68208 684 526 158 517 202 73 25 19 true true 76.90058 3.3614136E7 1.11905064E8 1.4668453087234548E8 3.262635819419128E8 1.06448024E17 1.12577346E17 17681000000 17681000000 59.972242758593495 60.94769133389606 81 1326000000 0 10298 128350 36 N 
15B8YDtb8AUvSKmWXDaQ44ox6sjLoamM1e 99.316925 99.11926 81.89004 81.380585 17985 10678 7307 6770 9657 210 2273 2187 true true 59.3717 1.14410445E9 1.67192704E9 6.550524667420342E9 1.0643526365003439E10 1.1328375E20 1.13562935E20 12216812988976 12216820989976 951365.2109390884 931192.9665067839 105 1087719893348 0 30512 88300027 411 N 
13VH2UXiz7r5k6LopQGRHX6vdWWnKoopD2 98.46831 94.37586 46.86988 69.16711 190 163 27 98 21 3 2246 2191 false true 85.789474 1.80709808E8 1.09092058E9 3.1705289453766686E8 1.6663159074108407E9 2.77660853E18 3.60509274E18 29454858896 29455699193 47303.74715243893 8597.110751766955 7 6000000000 0 4276109 45909829 11 N 
1F7sYg9qZkRQrqPvFT1DBZxuy8vrzVJKnF 92.38747 83.33333 59.772896 44.676556 153 147 6 128 7 0 176 176 false true 96.07843 4.615864E7 1.13055283E9 8.01676488482406E7 9.049634234487224E8 8.189588E17 1.99486965E18 6783316799 6785316799 683.3731826225165 419.5077671090425 10 2364000000 2349 332302 1559605 36 N 
1EubMUCisXqG9hMbK1SJvJAA9gHSnM9g5t 74.74489 0.0 1.1311918 NaN 29 28 1 4 0 0 86 86 false false 96.55173 1.01821432E8 0.0 2268630.3518821974 0.0 0.0 1.03676044E16 0 2851000000 0.0 399.33990809021 2 0 9223372036854775807 0 -9223372036854775808 1 N 
1CFWRegJrGoaKTzFRG1P241rw42K2gQFm4 98.91554 99.31494 89.935074 89.16033 21496 14396 7100 12245 6815 95 1508 1024 true true 66.9706 5.3971712E8 1.09431987E9 5.770120029777927E9 8.840912032278E9 7.8160675E19 7.84689E19 7769622238383 7769626239383 462037.12581055233 330735.0627285248 346 890038999099 0 2041 498536 333 N 
1CPVxpmBHYQ8iiZrHVwKeb7z6VZUkpRSMd 98.870674 99.29914 94.23269 93.66227 29714 21616 8098 18571 8123 212 2499 2250 true true 72.74686 1.08986125E9 2.90926387E9 4.27810213485313E10 7.557799336799072E10 5.712498E21 5.7147566E21 23559598578320 23559690119418 1042197.4970521323 645620.5782997268 845 4800000000000 0 1771 502367 729 N 
1HyC5u158bRFe4S5UHiMHGpa81aHZkGr54 99.08841 85.714294 50.93206 72.375496 499 492 7 437 12 1 1661 1661 false true 98.59719 3.1023712E8 2.12434842E10 5.489659545008717E8 3.272847273940483E10 1.07115295E21 1.509354E21 148704390630 152636571585 118580.95307327324 30749.255173573667 7 90007000250 876 53934 221130 8 N 
12d8Ged3f6Mg35jDmYQUzw4gM7XMkuJgqy 97.93061 96.1539 39.45598 52.124413 87 61 26 56 29 0 233 219 false false 70.114944 1.9244264E8 4.51500032E8 1.6893170191664416E8 9.100817003304207E8 8.2824878E17 8.9535939E17 11739000000 11739000000 1354.6424743582843 1691.3669095962905 5 4965000000 334 598802 15067400 10 N 
19ZeJ9gkcAoynABpgsrLLTqwJnLuTGMgif 97.54423 98.00304 93.94499 92.25118 15118 10571 4547 8562 4994 63 2602 2539 true true 69.92327 7.4577696E8 1.73374976E9 1.1717099463323778E10 1.8360759305713818E10 3.3712374E20 3.380989E20 7883305392133 7883425828044 600701.0681765223 267971.5755466939 210 1739222000000 0 5601 1744074 256 N 
1Ay9rwfBbJ94fRbqbnMwCoBE3BfDQEd5Fv 93.074814 90.81633 13.303936 19.81152 33 19 14 19 14 0 4 1 false false 57.575756 1.43210528E8 1.94357152E8 4.081612032849721E7 7.02918478740679E7 4.9409438E15 7.5569193E15 2721000000 2721000000 149.47559152481557 140.77612832734584 7 119000000 1772 5219 17174 1 N 
1G4SBBsY1594hcQKWZiCbvJuhbuc52B4r2 96.7785 69.20413 71.054344 49.716496 56 39 17 10 11 1 158 157 false false 69.64286 4.3563663E9 9.9940188E9 8.991259155543095E9 1.1959738586946941E10 1.4303535E20 1.7481848E20 169898300000 169898300000 21403.84945621631 3343.4670958301745 6 125063300000 0 509173 1773002 8 N 
1BnJERBvSSDCqskpFqjStZSwJ8jxcfBtZV 93.69797 0.0 85.080345 0.0 30 29 1 28 2 0 1803 1803 false false 96.666664 1.42444336E8 5.0E8 3.8211565669859266E8 0.0 0.0 1.27846041E17 500000000 4130887009 0.0 61.93281106266381 2 0 26533 26533 26533 1 N 
1KbtDpF98W2oRFT8pEaMRKUBRZX8bT8uXk 68.005684 50.0 37.33331 49.31705 94 92 2 70 2 0 996 995 false false 97.87234 1.59315104E8 7.3285002E9 5.08482944757578E8 7.228400128E9 5.224977E19 1.03646985E20 14657000000 14657000000 126321.58926268734 895.9481812046364 2 14657000000 52457250 52457250 52457250 3 N 
1GT22WP7zS2vBDpv1hEzoynMybeRnvT4W7 96.072235 91.55558 90.93642 80.81169 157 142 15 133 14 4 2270 2265 false true 90.44586 2.28494623E10 2.16308089E11 1.2499900309192061E11 4.4150957791325134E11 1.9493074E23 2.3235695E23 3244622105426 3244622205428 243091.32400608438 480430.7562027857 4 1528229346532 0 691149 4834642 16 N 
16xfyMjjE34Zdst2KvaMH2dtZoTBRrCpA9 96.1539 83.33333 19.014923 52.469696 32 26 6 25 9 0 372 116 false false 81.25 4.2807124E7 1.7201976E8 1.6314421397831475E7 1.7034146219723943E8 2.90162149E16 4.5712119E16 1032118545 1112985281 131.0864525501024 94.33570612672492 3 400151384 5941 250846 675319 4 N 
1LvDzsCPwjdFRv9hehubZDPaLpdC2Rb8Dj 98.62908 99.00039 89.91635 88.384995 22795 16548 6247 14215 6545 126 2489 2190 true true 72.594864 4.10078368E8 1.08623693E9 5.399379303689204E9 9.121135426473063E9 8.319639E19 8.365371E19 6785666240492 6785726059559 462769.5145052726 379850.4475811801 847 868629000000 0 2697 472855 462 N 
14utkYqE9xiAG4FVJ5px32NCQ4G5ChjgJT 84.7034 0.0 14.82491 0.0 63 62 1 21 1 0 1244 1243 false false 98.4127 1.01004536E8 6.2622812E9 3.701452407953644E7 0.0 0.0 3.7961334E19 6262280989 6262280989 0.0 915.3993000880537 2 6262280989 87417840 87417840 87417840 1 N 
19sFvWu5pgDtfrNvGN94y5MEw96y6vyTAZ 96.26748 91.6667 55.742527 61.76406 108 96 12 72 20 1 1023 1003 false true 88.888885 2.05235136E8 1.6418816E9 3.013280843301297E8 1.9643472637337198E9 3.85865992E18 5.9226123E18 19702577934 19702577934 2246.1278091516556 414.77623099542 8 9002000000 315 647681 1910151 7 N 
1H9qGEsYhmTyFquF5puLbwg4ykTYbPHPTx 99.34531 92.9013 42.910748 38.77996 311 275 36 179 39 2 1059 990 false true 88.42444 1.40963232E8 1.0768023E9 1.350244673161055E8 7.458378193592422E8 5.56274131E17 1.43206895E18 38764880604 38764880604 53968.76525910629 3624.2297885159946 7 16127057834 0 647353 5457204 18 N 
18H5MaG9xizN74QPEdUh5puamvaEd1xQME 97.92396 97.54352 29.095863 20.933802 121 68 53 67 54 0 142 79 false true 56.19835 9.3241184E8 1.19630182E9 6.879923813752201E8 7.402869782041335E8 5.48024736E17 6.1766275E17 63404000000 63404000000 560.6610666459086 534.87923493691 3 3476000000 0 40130 240799 13 N 
1BSGbFq4G8r3uckpdeQMhP55ScCJwbvNnG 12.223634 84.02368 97.68531 61.629612 772 759 13 742 15 1 1640 1550 true true 98.31606 4410210.0 2.33692304E8 2.9582551597964827E7 3.338918316602253E8 1.11483753E17 1.64054024E17 3038000000 3347354592 29.813711008468275 77.0022130289871 367 1007000000 721 432688 3513265 3 N 
14NvjwiRL2UpMiXfMkuzkji5NW4J9JM8Fy 96.02182 96.42849 71.610016 59.35797 82 54 28 49 17 3 2377 2370 false false 65.85366 5613972.0 1.0826947E7 9297219.357249936 1.4932586494219517E7 2.22982136E14 2.5015725E14 303154481 303154481 4962.385619205707 3608.3470004711307 4 62926940 0 1175828 12877198 5 N 
1Hz3GaPWdbPft4zJSkNYt9DmituDvLmSpB 98.75081 96.77421 35.399 54.632355 113 82 31 82 47 6 1550 1520 false true 72.56637 5.6117852E7 1.4844048E8 4.415832558730936E7 2.417002537245061E8 5.8419003E16 6.6942473E16 4601654632 4601664632 20389.539559987545 760.2532811995665 3 1399000000 184973 2012974 3771947 22 N 
1HYYrZfs2NRe4EkxQjYaBJezGEiSkFabjv 93.13711 77.77777 58.67601 61.16086 165 159 6 156 6 0 2153 2153 false true 96.36364 1.2839556E8 9.0264928E8 3.904677339044003E8 1.1311891405182242E9 1.27958882E18 1.87905809E18 5415895843 20414895843 39059.278612871465 1471.3087253764836 2 2914667743 129838 10585757 21041677 6 N 
18MZVyGeBUbxxvfgsPChD5ecqQCaAcPKvA 99.011696 92.85715 71.76712 75.33544 153 139 14 128 17 2 1245 1210 false true 90.84967 2.57097456E8 2.5526103E9 5.661906417710605E8 5.73382379263211E9 3.2876741E19 3.8146113E19 35736542589 35736542589 10538.358289691456 8357.95891244867 3 22902760000 1078 470069 2747685 20 N 
1BL7SKbepQDfgNsee46kbrfcWq8hM7gotc 98.85738 98.7456 67.09725 66.60453 594 341 253 277 386 31 1071 690 false true 57.407406 6.1212483E9 8.2503767E9 9.399316311634466E9 1.2073192785750898E10 1.4576203E20 1.502951E20 2087344327631 2087344327631 1198857.7314640451 1114391.3033656925 9 70050000000 0 127210 3101666 46 N 
1JqXo2n9ipaS2iHCQAgAC5SXezJzWez2Q3 97.401306 98.3841 88.78518 89.34072 11163 7097 4066 5542 3834 65 1102 726 true true 63.5761 4.32207872E8 7.543895E8 1.0128018401009102E10 1.3415475138743343E10 1.7997848E20 1.8007962E20 3067335336126 3067335920368 96946.54993811413 82826.62301870192 147 840035000000 0 4270 2625549 95 N 
19YDnXzjmWLX8C33kNWTMpoAqtTNqYzur6 99.082634 79.99999 78.738235 29.327662 114 109 5 93 5 2 915 915 false true 95.61404 8.2421E7 7.9457754E8 4.7970425255643183E8 4.266085335771049E8 1.81994841E17 6.8916179E17 3972887815 8983887815 2407.9347267187595 1230.0314859690502 6 1380000000 4459 16455535 65759795 8 N 
1Ce7mPk61XK7izGL2EMXg1uboXBUgAM7S6 98.76413 99.16048 94.30545 94.33617 27613 20646 6967 17977 7259 69 1579 1474 true true 74.76913 7.2539757E8 2.14962816E9 4.2954648342627304E10 7.990318176897491E10 6.3847115E21 6.3862777E21 14976450065893 14976565152093 535703.4801509804 423987.77516429883 516 4800000000000 0 1924 502367 688 N 
19mp2oMBgrAkVoBEvsysxKHoZofL7CEaUS 87.03707 87.60329 60.795914 49.821503 58 36 22 30 22 2 228 140 false false 62.068966 6.2968545E9 1.03039457E10 7.502027517047236E9 1.0375015805008667E10 1.0764095E20 1.2369772E20 226686770735 226686770735 2268.446739819992 1392.5751707157556 4 89995000000 1899 348936 2121077 10 N 
1KZsPUX8u1DWwP4qy5n3hXbUmSrxFSz6bM 97.925354 97.39579 43.221127 30.619955 125 77 48 77 49 5 61 28 false true 61.6 1.1087084E8 1.77855312E8 9.29000434997338E7 9.899317293819763E7 9.7996465E15 1.42865677E16 8537055349 8537055349 1310.9967252252045 1291.51470751096 7 338000000 0 10604 124274 27 N 
14RPwsfArYDwPT6wxVsT5dmpFvEdu7pnkx 85.64453 88.44954 73.09584 51.508587 95 64 31 63 39 3 115 53 false false 67.36842 3.54768794E9 7.3242588E9 6.130956904705408E9 7.903154421161018E9 6.2459856E19 7.672233E19 227052000000 227052000000 291.80452655287405 326.7164354127975 30 15000000000 162 129830 1860060 10 N 
1Ki2ZP6SmJKVmLYX8okdRPUVGnSPgWDnvb 98.05577 98.63257 97.49677 97.47676 11138 7066 4072 5721 3807 48 1429 817 true true 63.440475 2.34477005E9 4.0687767E9 7.375999903268506E10 1.0495986822091231E11 1.1017041E22 1.1019198E22 16567975005574 16567975007574 263453.69932953216 131531.34799297314 209 4800000000000 0 2490 319314 86 N 
1DBqvqfLQV92yHJb43EatSDejJXM66JoeX 97.322 86.0 66.78159 46.14202 81 71 10 71 10 1 2212 2210 false false 87.65432 9696940.0 6.8814696E7 1.313295311803365E7 5.984111617451126E7 3.58095905E15 7.0758674E15 688146898 688482794 1166.4587820957788 282.48651134418037 5 127000000 0 911356 5971191 9 N 
18dBzXZjkke2n1Y8FqxpGxQqHBcrjZDQuV 97.85128 81.94446 13.6236725 49.20305 67 55 12 55 4 0 72 72 false false 82.089554 6.889273E8 2.77708314E9 2.0055820631332245E8 2.516750703276933E9 6.3340336E18 1.069443E19 33325000000 37891000000 395.0134006799931 427.16031407796373 2 12978000000 0 26431 69248 7 N 
163S8XrKuDLV2fpLmzGuFYch7DkYMatjTZ 95.73225 97.45932 62.552242 34.59876 186 137 49 70 49 0 288 207 false true 73.655914 7.6654808E7 2.1432056E8 9.921906450213444E7 1.3270231913382338E8 1.76099071E16 3.6561768E16 10501708841 10501708841 253.80187172196398 255.64184706363193 10 716000000 0 52002 646594 5 N 
1CBJqmej2rzUzGLxiRWwHE681aWj1vVdYw 96.296295 75.0 38.98841 42.976795 31 27 4 27 4 0 333 332 false false 87.09677 1.56136768E8 1.0539232E9 2.0044136007135606E8 8.503756902068168E8 7.2313876E17 1.5291594E18 4215692859 4215692859 386.2769853088379 402.84107563335306 3 1322192859 1148 30206 56612 5 N 
1HxWsmK9gpkh5igaU6BAonFemAP6QsaqFZ 91.8367 79.99999 33.86912 16.485819 38 28 10 28 7 0 32 24 false false 73.68421 2.8964286E7 8.11E7 1.75060849479283E7 2.6158937287282906E7 6.8428989E14 3.40242236E15 811000000 811000000 133.26937931935788 113.0850007620651 3 101000000 0 19519 85211 6 N 
16MF6EdW2pnPyBvquP2tF6DangJBAw6wnG 98.40322 98.97596 91.33354 91.07096 14308 9314 4994 7540 4694 63 1383 787 true true 65.09645 6.7142688E8 1.25221926E9 6.885941772688093E9 9.843575696541487E9 9.689459E19 9.723105E19 6253552712466 6253552714466 270976.1821404313 179076.23308575788 350 854421000000 0 18057 34974376 129 N 
1KhwVhc3Q4zmdX6ifVwyBxeZcUuzmmxyn1 97.21697 91.6667 69.95671 39.741264 89 77 12 23 16 2 1098 1098 false false 86.51685 7.9212744E7 4.08047392E8 1.7160291079906517E8 2.92435948171425E8 8.5518786E16 1.93651022E17 4896568806 6099380353 16980.989939204224 16159.934803079352 5 1353000000 11171 3960276 34070047 15 N 
187oyQbBSRx8azGY8EC3V9oTsm6bTD45Zb 82.409195 90.2778 60.232758 67.34996 598 586 12 540 9 2 1166 1166 false true 97.99331 1.06526376E8 1.30844275E9 4.0529458719573045E8 1.9050836691033118E9 3.62934357E18 5.0739465E18 15701311875 62424629509 3140.57679077408 1090.0212443406608 18 3211000000 1119 1370341 10170476 7 N 
17Dq2tGVDrJ3rditXGadsnoLfi1NPVoT3Y 74.00357 85.714294 89.2304 65.62151 130 123 7 38 8 0 773 67 false true 94.61539 1.9780488E7 3.47571424E8 1.375067508308112E8 5.263672854209972E8 2.77062516E17 3.84509421E17 2433000000 2433000000 373.36577932186464 435.7995542064077 10 1600000000 831 134789 811517 7 N 
1JUPzoHfzjrrFdQETfTixa6LXB4bH4BAC4 97.12761 91.6667 74.9045 52.518127 113 101 12 98 9 1 1201 1066 false true 89.38053 1.85286256E8 1.5590455E9 6.2701867386646E8 1.7166328795301497E9 2.94682833E18 4.834043E18 18708545436 18713914436 3634.0250647214407 3064.442799844673 5 4789000000 0 12809 61888 7 N 
169FcSDDgedfHvBB8Kpkwso8jybsNCx3oq 93.97913 94.214836 43.313995 35.03061 163 141 22 28 22 1 155 132 false true 86.50307 2.062827E7 1.2652472E8 2.402389562008574E7 9.686570400587697E7 9.3829649E15 2.05970225E16 2783543669 2908587099 376.44713542121656 409.28927185939597 12 482000000 1478 38504 170887 11 N 
1MgrcvVZXno3h2NLfqPTXRyeHHfU5otA4R 98.924164 99.49696 92.81166 91.21344 10309 6382 3927 4554 4123 42 1383 1020 true true 61.90707 1.03555539E9 1.68292429E9 8.616121667155653E9 1.2374865474566996E10 1.5313743E20 1.5355677E20 6608820522770 6608824524770 367966.16467076034 258301.1400803125 117 814971000000 0 11322 14933126 174 N 
1JL1D4dRGwC471aMc5WfoUE9goDdmzGLmX 98.30207 99.01503 78.50568 83.65477 2286 1406 880 793 831 36 516 291 true true 61.50481 6.5790074E8 1.05114387E9 1.9641945243494709E9 3.61421891873603E9 1.30626E19 1.3217186E19 925005009232 925005009232 59521.82777717662 25040.64517743155 68 64563000000 0 8566 291947 125 N 
18KFowoPrvirnDuSxvztonCC9Vtc5hNdhb 96.81432 89.84375 61.04287 57.422714 54 38 16 26 18 0 100 92 false false 70.37037 6.2018413E8 1.47293734E9 9.259354267944536E8 2.125820817426244E9 4.51911429E18 5.2463021E18 23567000000 23567000000 3080.9159344476693 2202.0553699131697 2 9000000000 763 175061 1189911 12 N 
1N5UgDBszTLg92zgoL6scKLwRc6Pbhgzef 95.553955 91.6667 51.274254 51.853477 168 156 12 155 15 0 298 296 false true 92.85714 2.7730546E7 3.6049712E8 3.6041616012199804E7 3.9029676868362504E8 1.52331581E17 2.63065166E17 4325965639 4325965639 355.31506244951635 237.09901075714265 5 1398000000 17934 864973 8913772 3 N 
1zwP3C1BLyghatP5Vr8y2MGMXCtAsuP1P 96.484375 0.0 33.85024 NaN 33 32 1 28 0 0 2151 2151 false false 96.969696 6788503.0 0.0 4167630.7895148555 0.0 0.0 4.6083774E13 0 217232077 0.0 16.0969193594863 7 0 9223372036854775807 0 -9223372036854775808 1 N 
1A8shrC8wLGZsoAuvVtKcwGiu6XoDzcLaJ 98.50689 95.838295 86.33269 64.50611 116 87 29 73 29 8 1362 579 false true 75.0 2.7567358E10 8.270209E10 6.650869193284524E10 1.0247879714607399E11 1.0501902E22 1.3541744E22 2398361053663 2398361054663 283972.00708642096 203916.1892212462 7 350000000000 0 393458 4733984 21 N 
15vjxvZHpjkc1Bor1TFJA7s34VFQpoQk2Z 97.24899 75.0 24.119843 37.804726 433 429 4 222 1 0 698 697 false true 99.07621 1.44144E8 1.5459457E10 2.726777077828126E8 1.0854541188756876E10 1.1782106E20 3.5237983E20 61837826975 61837826975 8252.150827831269 1673.8095979449515 9 51837826975 83652 19003780 37923909 6 N 
13JAiQ1dLeEoUEs1wim2iYAxBLPREZD3qS 98.49047 98.0419 84.27603 84.29333 324 271 53 183 87 0 1479 1315 false true 83.641975 4.6612788E7 2.3834064E8 2.5095949172673544E8 6.016219418825741E8 3.61948954E17 3.98708377E17 12632055139 12632055139 14767.925885588624 5092.040991039599 7 5902453537 0 556001 9682088 19 N 
1N1atMLp9YMp7zUgHz96jY8Mgo8UDqWbhJ 99.22961 98.830124 76.553734 78.43903 307 198 109 140 169 4 797 714 false true 64.49512 6.6397242E8 1.20602355E9 2.220087662056961E9 4.0736289282293153E9 1.6594452E19 1.6888272E19 131456532862 131466538440 7259.745945687007 11509.560255705639 6 20619933724 0 76907 1443660 73 N 
1HBVvmsFY67KTze4MFM7GkJH7EM5P1PqwL 90.10052 96.296295 99.592766 79.38943 1797 1770 27 1639 22 0 918 564 false true 98.4975 7495451.5 4.91357024E8 1.6223066799739194E8 1.2175561797587187E9 1.4824428E18 1.71656525E18 13266640134 13266969056 2046.6867541676331 1347.263670686104 29 6396000000 0 210602 2820502 46 N 
1AkqxLJn8H6Cg5VAaYijzj7hQUSeM2LJ3r 99.60478 79.99999 69.75883 56.113094 260 255 5 253 3 0 2311 2213 false true 98.07692 4.7838672E7 2.43977267E9 8.910736104821075E7 2.568056119915444E9 6.5949125E18 1.2316256E19 12198861287 12198861287 183887.09545189468 1541.2629695020037 9 6950134974 102709 9342496 18582283 1 N 
12CcRL4Jn5toWxWdQdwDdT1VdVWmSJ2o73 99.38299 91.6667 34.070366 63.75161 174 162 12 133 20 1 1796 1713 false true 93.10345 7413283.0 8.9415832E7 4545023.373905522 1.1826423524449101E8 1.39864289E16 2.07108498E16 1072990094 1200952025 3793.252174492683 86.08993218632217 6 401285583 12683 1692929 5385159 6 N 
18n122U9Ymh7QHyqS5iepDiUeMwXWzDs5Q 92.990456 75.0 68.18277 52.20231 103 99 4 39 4 0 981 980 false true 96.11651 5.5662214E8 1.37764045E10 1.9242704224563951E9 1.4171502008935688E10 2.0083146E20 3.755941E20 55105618963 55105618963 531104.2267478874 6606.747333373893 2 47626809481 7305 1144535 2281765 8 N 
1F7sLoRAkSwPUW5nuQD2qRd8E2iL5ZtFu6 96.70936 95.238045 44.211845 58.65415 232 211 21 158 27 0 238 224 false true 90.94827 2.3860064E7 2.39736928E8 4.137741742156655E7 2.90200981961588E8 8.4216612E16 1.30819412E17 5034475397 5034475397 505.6451575142398 409.43098821941044 9 996000104 115 70137 195025 12 N 
1Gh8ht6WL4DxASGbyt6KtTXvdow1f4cNbA 94.02496 91.6667 4.9332924 29.387829 128 116 12 107 15 0 2134 2134 false true 90.625 1.100862E8 6.5608339E8 1.5595959338283082E7 3.563891583221733E8 1.27013238E17 4.25126033E17 7873000000 12770000000 96090.90714011843 1329.0622905633816 3 2750249969 168544357 168544357 168544357 12 N 
13GCuAHb3aF2FD47PS3FsrGxVES3BRaF4Z 99.41882 94.89603 72.598854 88.1517 197 174 23 171 21 10 633 632 false true 88.324875 8.4014248E7 6.3558605E8 3.538570872673611E8 1.8638548718535051E9 3.47395509E18 3.77818611E18 14618479207 14618479207 1328.5025317301297 1714.378048378464 6 5330460000 139 1148140 12918478 17 N 
1GNLWUF5Y9GHJ4ymfF3JBJHAXveqDHTK8h 94.69384 88.88889 75.61157 59.041607 44 35 9 35 8 0 923 877 false false 79.545456 3.1168E8 1.21208883E9 5.420346884210147E8 1.4083796142734647E9 1.983533E18 2.79426944E18 10908800798 10908800798 13728.109652096355 1303.564969908623 2 4390550000 8591 2545523 12198581 10 N 
13utrLVLBqHpKw7VLgS7CPGfYP8Tu8oF4y 98.83213 93.11116 63.03345 39.886868 123 93 30 66 35 0 743 688 false true 75.60976 2.609756E8 8.0902445E8 3.832710532411395E8 6.011462489274672E8 3.6137683E17 6.6173434E17 24270734693 24270734693 3439.3281436590432 1027.4999843759101 2 2532570680 451 250643 2845552 22 N 
184BSnTnDxh4xEcRDYAAQyzmgaJecGYsCA 89.78733 96.240234 71.23275 77.78362 413 349 64 229 53 2 834 672 false true 84.50363 1.1034046E7 6.0170056E7 6.245520208193303E7 1.7220428162854412E8 2.96543182E16 3.2068674E16 3850884475 3850884475 367.2165752852671 409.3875839988798 7 1212000000 0 239035 3518888 9 N 
1JREsrQwo7EX4UCEyuaXwen5b74tjhd6xG 92.16768 98.27987 33.64664 58.94042 470 370 100 243 102 2 1207 681 false true 78.723404 1.19690224E8 4.42788896E8 7.978376603783004E7 5.651414194281261E8 3.19384763E17 4.23777551E17 44278893019 44285452165 3023.8138371287555 3080.2984237747837 4 2800000000 0 39443 284821 17 N 
1DTwPVn3FvF6jRzecLJvwV7cv9ASyYAwnG 91.145164 66.66667 98.58596 52.997547 80 77 3 62 3 0 1763 1763 false false 96.25 6520668.5 1.67357184E8 5.660607303000553E7 1.6956480322649428E8 2.87522226E16 5.4620611E16 502071562 502091562 1611.6507054407616 4.2438794815357745 13 400100000 59360 29092363 69484283 4 N 
1Md8UFvhfmuFPRG3bfWFeLH6t76mnzP8cq 98.9624 96.31393 86.35887 69.0649 157 128 29 124 34 0 428 281 false true 81.52866 8.5592026E8 3.77564365E9 4.001460601530702E9 8.227121983462859E9 6.7685536E19 7.621032E19 109493665621 109557810098 9272.443967407558 8564.72779478054 6 20012169083 314 211303 4327087 21 N 
1CLZNAGjL44KJXf1UybmGidz7SCwi4WxGS 79.42139 88.88889 52.38892 56.898636 87 78 9 71 10 0 1323 1131 false false 89.655174 1.14386704E8 9.7334554E8 1.4704194600582343E8 1.2321280604435234E9 1.51813955E18 2.25595006E18 8760111000 8922165255 16625.62591655954 6236.086899814678 3 4742000000 1508 6113252 33080422 9 N 
1Cd46y3eAeh2WZPH1JUi3gGZprvVx8wBA7 95.85895 97.632835 72.19409 71.5215 856 507 349 325 357 12 499 74 false true 59.228973 2.20573104E8 3.20431392E8 6.007290676640482E8 7.714303898662682E8 5.951049E17 6.0507637E17 111830593120 111830593120 11941.672463778925 11100.382475004686 26 4386000000 0 9738 128469 79 N 
19W2KUPh62z8goYYSGXeBXsHwAUeZfwAiy 98.985954 90.00001 85.30119 68.448135 273 263 10 139 12 0 1883 1883 false true 96.337 1.26913072E8 3.33147802E9 6.142201896559489E8 4.711560135607442E9 2.2198801E19 3.2468037E19 33314780773 33378144607 53167.68317813806 15976.407592203741 3 12500090000 3252 3299198 14184106 37 N 
1BDJ2phu64PySiQRXMo2Kgusdfs5XjRBXK 97.5211 98.307106 82.21132 80.87551 13651 8812 4839 7185 4923 39 2489 2132 true true 64.55205 1.60425168E8 2.92126048E8 7.67841541184057E8 1.1521873292406628E9 1.32755103E18 1.34487053E18 1413579574416 1413632950483 121895.29109294643 101948.13991094158 298 83853000000 0 9952 14898216 215 N 
1Ez3VR653dR8jgVvg17NiadwJDqhP8XKQt 98.75187 99.11135 78.21024 78.08462 22382 16185 6197 13647 6376 41 1476 1207 true true 72.31258 1.94032896E8 5.0675472E8 1.181877880832318E9 2.044200788827481E9 4.17880059E18 4.27657796E18 3140345131107 3140360203610 299971.81777160626 292199.4146349374 319 88510000000 0 1644 311149 379 N 
1Dtvi67cCPeWXUme9agSqzNNKNZcqtf9gv 90.4224 94.18285 25.616297 48.94858 60 41 19 31 25 2 779 779 false false 68.333336 4.6770348E7 1.00685376E8 2.405201453910019E7 1.0656703135252443E8 1.13565324E16 1.42633598E16 1913021948 1917584512 299.94122557968416 56.74772038713277 4 560000000 0 1916490 11446825 13 N 
1654zj4wPXVzEnwryhhoeXezqrahLoshn2 98.91129 99.095955 85.21201 92.07265 13050 7988 5062 5352 5671 270 1768 1756 false true 61.210728 2.77301664E8 4.37590432E8 2.514183795001236E9 4.515738941210018E9 2.039179E19 2.0417586E19 2215075370144 2215075370144 709991.2027930015 377340.87161470024 46 149274939022 0 9095 611298 137 N 
1E8xiXvMBKVUNRQWtxFyNfmXtjU9taQwrp 96.07611 79.99999 66.9893 37.170418 34 29 5 29 2 0 140 139 false false 85.29412 1.82310352E8 1.0574E9 2.5507837114752075E8 7.084201013522979E8 5.01858991E17 1.26764084E18 5287000000 5287000000 167.81583986701966 93.63854846926257 8 2000000000 8044 550101 1092158 4 N 
1P3G3vA1Kv1CvDBDZ614NYpfQxgtnaE17Q 98.85851 99.34068 89.35293 88.31235 34750 25640 9110 22567 8904 204 1625 1500 true true 73.78417 4.47643712E8 1.25985549E9 6.366833881528331E9 1.2081829965326963E10 1.4597141E20 1.4662743E20 11477239177560 11477250860102 850018.73199088 608655.9908292495 533 1177871000000 0 2221 2625549 1091 N 
1P1RpUXt2H97SvrBrxYmuZ5aJ8nGpwTaZK 95.47325 50.0 41.5964 38.11475 29 27 2 27 4 0 43 43 false false 93.10345 8.8333312E7 8.54E8 7.556601234829503E7 6.509999680000008E8 4.2380095E17 1.01004643E18 1708000000 2385000000 322.6411850476265 286.53307485188657 4 1505000000 13906 36829 59752 2 N 
15Yih98bRjz2Zo3HTYNPUDvShQNfyy2RaD 98.85734 99.20865 86.75981 86.37212 28018 20676 7342 18199 7529 163 1532 1305 true true 73.79542 3.7945744E8 1.0685657E9 4.846105277125592E9 8.445721170816842E9 7.133129E19 7.1805555E19 7845349738126 7845391298339 629380.5857878871 538542.6601756291 925 844749000000 0 1985 605961 648 N 
17nw3gjmvvon8NXfNcaVT32F86wpStaZPG 94.37555 82.66667 12.186447 24.29431 147 132 15 72 15 1 104 102 false true 89.79592 2.11909072E8 1.86479962E9 1.384190232577633E8 8.187920058818783E8 6.7042041E17 3.40246759E18 27971993784 27971993784 3597.7066769775392 3553.1659951805577 4 2807052488 12305 45926 124268 18 N 
17M2NkpVC8ERHwyTQcwfDxh53J1tD6HpAZ 96.55971 96.1539 50.401817 47.645718 374 348 26 237 30 0 755 668 false true 93.04813 3.75859008E8 5.0303862E9 8.61711846386935E8 4.698691120487116E9 2.2077697E19 4.374232E19 130790034366 130799004154 34884.942265851765 27682.994772267644 4 16497929480 0 172113 2617151 11 N 
14CkeHj9MhMSEFME9aCEP2X2k7CBg48vTE 97.71585 98.07515 56.829346 31.196829 189 130 59 125 69 5 281 200 false true 68.783066 4.70543104E8 1.03679034E9 5.050787542836917E8 5.774323077285953E8 3.33428069E17 6.5406373E17 61170619714 61170619714 4792.930584213446 5008.51336593031 8 2306000000 0 63498 571189 7 N 
18mVzhTJFhyQmhrZKNbd7k1npt3d8wttsK 96.067375 96.21325 51.507347 74.29521 758 683 75 590 65 5 955 911 false true 90.10554 1.72836624E8 1.57396595E9 6.473238945710298E8 4.2190499447517433E9 1.780038E19 1.976355E19 118047441710 118047441710 15447.091976501306 11403.55164280005 7 32550750000 0 119683 1421451 38 N 
1NcqaGZyEEEUZ6RKM9Emkv9kdWFfCYFaut 82.23998 93.33337 82.628456 72.40807 65 50 15 43 15 1 1167 1166 false false 76.92308 1.43709875E9 4.7903283E9 3.517453704858225E9 8.301833014877298E9 6.892043E19 8.016459E19 71854914478 71854914478 222365.11461135792 9208.35498175762 19 30000000000 0 7533401 73221470 20 N 
1Pd2k3RW6by7MBFPio6dCEQuBQ1mmsuXpw 92.56195 77.77777 33.475174 65.20675 28 22 6 22 6 0 546 545 false false 78.57143 2.568636E8 9.4183328E8 1.6224848940452698E8 1.6360216635474145E9 2.67656699E18 3.14574977E18 5651000000 5651000000 940.4188970004795 598.3406664744173 2 4600000000 3797 5211475 31068869 7 N 
1PFnzBz9iYkTq5ZzLnB2A9xU567RHGRq2T 99.14782 97.35997 64.30995 69.997185 408 358 50 345 50 4 811 805 false true 87.745094 3.9111824E7 2.80040512E8 6.081025616375898E7 7.25133965245441E8 5.25819102E17 5.8386596E17 14002028099 14002028099 1781.6736483142645 2135.4040144676824 13 5049004079 0 182728 4103443 41 N 
1R8dC9ozNkKuJC8BuYh8H17a4VCc81DG6 98.73841 99.12733 89.16292 88.66351 28021 20980 7041 18325 7259 181 2465 2359 true true 74.87241 3.73435616E8 1.11268595E9 6.301825227572387E9 1.111451100988171E10 1.2353123E20 1.24079834E20 7834369826694 7834387566907 605645.7350477561 473347.64683259255 883 866476000000 0 2529 1621060 657 N 
1LtDqtvVgYjmcM9R9Jkyydx44woCjVtSLo 99.16703 93.33337 64.97563 60.14437 137 122 15 117 15 1 809 805 false true 89.051094 5.4479196E7 4.43097472E8 1.1616271157929125E8 5.615570975371637E8 3.1534636E17 4.66370536E17 6646462316 6646462316 2644.368668964046 816.3321407328742 10 2014159682 35 2992924 38044796 8 N 
19mUsnGvgTGR8agQYdjfViG6reJJrfo2Jk 97.04975 98.1597 80.14955 79.24661 16250 10617 5633 9254 5447 115 1376 996 true true 65.33539 1.10651584E8 2.08546864E8 4.227713695594662E8 7.013479724866517E8 4.91889238E17 5.01474815E17 1174727916804 1174751919804 104403.14442251858 96051.01073405282 265 75114000000 0 13652 26579941 527 N 
1EEJj1KFz6fh1iVqFUbJjsgXAcfw7Bmiyp 98.11792 75.0 2.7706268 62.353146 216 212 4 27 4 0 837 837 false true 98.14815 1.01444776E8 1.48950093E9 1.169086731398125E7 1.8280270602687054E9 3.34168274E18 5.2683836E18 5958003614 21506289950 925.9943696999551 1919.8019616775805 2 4400554747 25458 147169 381547 3 N 
12zGf8Ku5QgBonS3L7KLpE9ZHvJDfxpLyG 97.902794 50.0 38.17614 0.0024615633 61 59 2 59 4 0 67 67 false false 96.72131 7566518.0 2.01010464E8 5822565.783391306 9896.00323362922 9.793088E7 3.742056E16 402020923 446424588 68.14174380397796 43.89403871244164 7 194000564 41324 100879 160434 3 N 
1Gh9RmHaGNTCHRQpMcN6sscpqVvRtBf1o8 98.45487 92.30773 65.08729 81.170906 162 149 13 134 13 0 866 368 false true 91.97531 1.6533681E7 1.89501424E8 4.354693566429187E7 4.4518041458881193E8 1.98185614E17 2.28103428E17 2463518628 2463518628 1451.8360772956535 291.056649832263 3 1737590791 2061 71358 180556 17 N 
1E3cpadSNZGfY78hDwQYdZnGaBCdQojmiY 98.78938 99.05597 89.534546 89.250496 27185 20510 6675 17889 6933 90 1587 1311 true true 75.446014 4.19905056E8 1.29018342E9 6.694095837274403E9 1.327524225648713E10 1.7623242E20 1.7698274E20 8611911515056 8611958409200 602212.8977102918 440307.0627856833 429 1241211000000 0 2147 605961 685 N 
12DBXwBbSpQoWKENNZgU5DwepKovaGRigq 96.1478 87.0 52.672016 29.983706 111 91 20 91 32 0 44 40 false true 81.98198 2.6967034E7 1.22700008E8 3.709490337305125E7 9.713398120246106E7 9.4350091E15 1.85998133E16 2454000000 2454000000 446.8419515037447 391.4443650970115 10 170000000 0 67397 1234805 12 N 
1AdZ4QPqD54LsuSRnGpHc9HDNchpDRNraN 90.598305 66.66667 37.28633 19.339619 42 39 3 5 4 2 43 42 false false 92.85714 6.5230748E7 8.48E8 4.82192968811909E7 3.198843345627729E8 1.0232599E17 7.1505371E17 2544000000 2544000000 205.01629293622972 160.98168514856394 4 1035000000 3775 28191 44592 6 N 
1JpvphnfduPWWd8g4bnoJKU5z4wgEn8b7k 97.17106 98.15651 96.976814 96.90804 9725 6010 3715 4659 3484 48 1429 814 true true 61.799484 2.8886231E9 4.6730916E9 7.998404784976315E10 1.099001942370715E11 1.2078602E22 1.2081767E22 17360444594747 17360444596747 278383.5501211372 141185.9908736793 146 4800000000000 0 7822 7759730 87 N 
1M2ykXxKaMwStGtn7N3zQTWixf3qLxYNGz 99.13503 99.7757 87.579834 95.6161 1308 839 469 574 753 61 2296 2022 false true 64.14373 3.237599E7 5.7896104E7 1.1643707058551598E8 2.0371442957788637E8 4.1499559E16 4.2150843E16 27153276788 27163426352 34457.57209031105 36505.03855381949 45 1800000000 0 132971 2238519 65 N 
1HibW96jiX7b71ztSR3wP3b9EnK4Xj4FWr 98.66725 98.93925 91.13959 90.64226 26514 19664 6850 17152 7106 151 2535 2455 true true 74.16459 4.40229152E8 1.26369485E9 8.747431745867887E9 1.5710545838114977E10 2.468208E20 2.4749224E20 8656244395816 8656410015927 702756.8424817794 456925.4583476726 876 2064848000000 0 2467 471790 631 N 
15byuD7pWL6vboxLDQ9RXFf1533ZpHNBNG 77.73764 89.25618 8.287959 68.33461 99 88 11 87 9 0 911 908 false false 88.888885 1.02987496E8 8.0999091E8 2.620240192190954E7 1.3848730841131206E9 1.9178736E18 2.41772739E18 8909900000 9062900000 10929.798356611369 1543.0504539240271 2 5009000000 5705 4642487 14520588 8 N 
13kMuKRotEePHUQ9bykGSeXxPiX6rg1gn6 99.06623 97.442116 41.09551 66.48067 212 171 41 167 63 0 71 65 false true 80.66038 1.34290528E8 5.6008973E8 1.127724596433815E8 9.764988337325267E8 9.5355002E17 1.13485467E18 22963676726 22963676726 3486.688566920804 3103.3703929163194 7 11613000000 293 17836 142619 23 N 
1DjsoUqSfVJYD18MAtSCcLFxyEPuupiBhY 98.55193 0.0 52.00308 0.0 72 71 1 62 1 0 456 455 false false 98.611115 1.0212474E7 7.2508557E8 1.0855831254617654E7 0.0 0.0 5.11043521E17 725085544 725085544 0.0 89.65915212538124 9 725085544 8135166 8135166 8135166 3 N 
139qMWJbMvQpCiraKt1uKAUFDASu8Qd8Eg 92.85712 85.714294 60.235733 52.01847 63 56 7 56 2 1 21 17 false false 88.888885 1.7125E7 1.37E8 2.13115180963588E7 1.438213177125402E8 2.06845732E16 3.50545889E16 959000000 959000000 174.01847313627005 181.15699683834032 6 426000000 818 11928 58589 4 N 
14oDf3wruVyYYFkscURbCKRRtCkqGS69bF 80.3719 94.553894 97.30109 96.089645 359 248 111 173 147 1 556 246 true true 69.08078 4.6906578E9 1.04800256E10 3.3364179425432644E10 6.485143768192728E10 4.2057102E21 4.239227E21 1163282064290 1163282064290 49831.848811428725 12504.664407436569 99 639962211088 243 92025 644206 23 N 
1Erc4p6tCufYQod6mAPf9FiqkUC31eqGMJ 97.042786 97.69277 83.18462 82.11682 630 363 267 199 354 8 309 228 false true 57.61905 6.3085741E8 8.5768256E8 2.3887923907159724E9 2.8122738607000875E9 7.9088822E18 7.9603306E18 229001010000 229001010000 22308.89718106794 15919.392267530726 22 17100000000 0 40960 2404755 49 N 
1AiLrwew2gigYhujf7Cej132VZHCFg71oC 98.93702 88.88889 53.38056 45.246964 127 118 9 113 8 1 685 673 false true 92.91338 8.6274688E7 1.12922163E9 1.857850377924892E8 9.343950961380895E8 8.7309421E17 1.96083248E18 10162994191 10180416167 2369.8057621155735 968.6282395784981 11 2641000000 452 4011039 27509098 12 N 
1PFe3qumDcADWicrdjnfPSJqn8U1pJrePE 96.67969 88.88889 75.1304 67.73679 41 32 9 32 10 3 596 228 false false 78.04878 1.61192112E8 5.7312179E8 3.3750993650203586E8 8.557935908301926E8 7.3238263E17 9.0206875E17 5158096695 5158147539 782.3845199756282 425.97092621621715 2 2980371216 1169 217561 625731 10 N 
1Dk1R3JFbxCiUyk63afWHBQChPTJttZFER 88.838165 92.44448 24.034761 36.43607 181 151 30 125 31 1 2239 1207 false true 83.425415 1.68855088E8 8.4990406E8 9.945057621400921E7 5.640447711967939E8 3.18146541E17 7.8197425E17 25497125438 25497125439 40471.049446378995 5411.607094118718 3 2500000000 5209 327800 3067676 24 N 
1Por8k1frGozVHx1VyRXeUnGp9LHvdCBEC 95.96551 73.372795 52.774025 66.756424 86 73 13 73 6 0 78 76 false false 84.88372 2.2698634E7 1.27461544E8 2.2616932539692167E7 1.7737904678323153E8 3.14633262E16 4.2438589E16 1657000000 1657000000 75.19717547309399 22.159739878289024 3 574000000 7809 26457 56296 13 N 
17qfDPCqpQUG6hHpjARp64fGdY527hmXdX 86.548485 83.33333 33.619953 58.858902 74 68 6 68 6 0 1198 455 false false 91.89189 4.0108128E7 4.54558464E8 3.013398874096655E7 6.528529530575078E8 4.26216989E17 5.979861E17 2727350840 2727351840 475.2968342482686 330.83536832148167 2 1907723193 15990 4821423 28615769 8 N 
1FT4DkCN74MtD2jQF595zwhen1egXgJBYd 97.32055 98.2101 94.59451 93.95488 10863 6776 4087 6019 4172 33 1383 793 true true 62.376877 6.7672365E8 1.12196365E9 7.947590991017234E9 1.0670479207822176E10 1.138601E20 1.1405931E20 4585426212890 4585426213890 213343.27215221518 125323.01789621614 257 866630000000 0 13176 17617842 113 N 
1CwnfSAQNjWaGv763N3N3Hsd7YL4qkasVk 95.4081 62.5 53.968746 55.58492 32 28 4 28 4 2 171 127 false false 87.5 3.22913024E8 2.13539085E9 3.6137549731337076E8 2.4830942774026365E9 6.1657577E18 9.450832E18 8541563854 9041563854 363.3410787862897 769.3346368665963 4 6375996303 0 6029 15284 3 N 
1CvBjEkUnmxBA1J8or85kCH59VJc2Dhkmr 99.86958 94.4444 96.780525 74.19765 802 784 18 725 20 0 2239 1922 false true 97.75561 1.2082982E7 5.24730304E8 7.190156765858005E7 1.0014148992163961E9 1.00283178E18 1.26563904E18 9445145396 9473061983 26858.107533486902 3127.064232932975 11 4307531361 0 2289794 13881584 12 N 
1DPquxgPEpCnYRZBtHPHFcFR1UCJSf5wHD 94.59831 90.00001 33.182644 46.791504 48 38 10 26 16 0 355 142 false false 79.166664 3.36934784E8 1.28035226E9 2.2316343677284366E8 1.1235769920686085E9 1.2624253E18 2.15246155E18 12803521520 12803521520 642.9294218197226 634.0927798861212 1 3500000000 369 67023 237956 16 N 
1Nv1XLKB9NJD9D6BTwJeTuARuRtnUnCiW4 98.379326 95.47325 32.150978 58.094055 203 176 27 82 34 0 538 379 false true 86.69951 1.3782168E8 8.9839322E8 9.110718575655124E7 1.0192003819465666E9 1.03876938E18 1.61723839E18 24256615064 24256615064 1392.4402427449904 1131.3900217647806 6 4000306164 0 361174 3951867 7 N 
1A2NwhNs7i3sWqw3Nv8sKDF3QJ7xmuWSG2 99.2896 98.53406 84.40354 77.53522 493 410 83 396 73 3 2266 195 false true 83.1643 7.4347629E8 3.67259366E9 4.041431037734781E9 1.2546195469563099E10 1.57407E20 1.6598678E20 304825353247 304825353247 49375.22538154482 25559.972944763755 25 110000100000 137 57125 2591253 38 N 
14gJDRDE55gD3bDJWEgqSY8PNRRFEyvmGt 99.425964 91.6667 82.70569 66.115005 364 352 12 233 16 0 317 313 false true 96.7033 7.4216064E8 2.17698775E10 4.30180039526525E9 2.9520050426723713E10 8.714334E20 1.3135983E21 261238541828 261240555241 15853.480414170663 13503.979163008336 11 99684000000 858 149767 1149247 23 N 
1KjedMK84z7amu4Rf9MmTtckKRiwg2piA8 98.66508 92.97049 43.6674 54.748447 127 106 21 106 17 0 151 149 false true 83.46457 1.44366768E8 7.2870829E8 2.0499386590383145E8 7.850088242091235E8 6.1623888E17 9.576938E17 15302875991 15302875991 1458.4306168766975 1253.9073496713615 4 2470000000 0 66366 486504 27 N 
1MvabFaMy264HQieLt72Qz4UQtVxMCee5t 91.14359 75.0 40.069317 53.37018 161 157 4 42 3 0 1645 1645 false true 97.515526 4.004466E7 1.27775002E9 3.5811777680138476E7 1.2770611617945323E9 1.63088526E18 3.1627999E18 5111000000 6287010000 479.7490090942383 368.9655505318381 16 2756000000 5214 60288 130937 1 N 
18TbDNWkqewNEX6DP6d7DxhgQALXfdtPyX 98.53783 98.95945 89.615555 88.461235 19483 13973 5510 11599 5878 102 1532 1250 true true 71.71893 4.4972688E8 1.14044403E9 5.845959662561217E9 9.660468523473043E9 9.332487E19 9.3802204E19 6283797324593 6283807382378 426452.2598971196 344216.4458716605 800 864893000000 0 8930 14933126 394 N 
1CfSe39Q6jwghbBpaS2AnJQ8zRkQiQewkK 97.37097 83.33333 40.159016 75.93985 113 107 6 102 7 0 1675 1674 false true 94.69026 2.9420564E7 5.24666624E8 2.220888008126043E7 1.0259755584164251E9 1.05262577E18 1.29789459E18 3148000000 3148000000 13351.59347686767 392.9486242661992 7 2817000000 2351 4325499 12964971 6 N 
19gLNEUTMfEohvUdoi51KnP37eqvUUgunp 94.4444 93.33337 37.765774 29.039326 33 18 15 3 28 1 1340 1339 false false 54.545456 1.81761126E9 2.18113357E9 1.2598980801014473E9 1.1444282462886906E9 1.30971599E18 1.44186436E18 32717003200 32717003200 116438.74449893647 3886.0500727634426 2 9227000000 81506 22060920 87330595 3 N 
1ACk33ATcHf2tnC2rLfmcKK4vSUdTHZ9S9 95.51518 95.75942 63.49733 65.053185 223 126 97 37 147 1 118 45 false true 56.502243 6.1403942E8 7.976183E8 1.0700013901011524E9 1.2961139745520198E9 1.67991097E18 1.71361224E18 77369000000 77369000000 4597.370980326115 4524.22433468329 16 6500000000 0 19056 215812 18 N 
1EMMzBYfRMYVon1Nk9EWDKeK7atyibAtVF 39.77778 0.0 88.15453 0.0 31 30 1 12 1 0 916 915 false false 96.77419 1.4825686E7 4.44770592E8 5.6575211267755434E7 0.0 0.0 1.84852609E17 444770581 444770581 0.0 467.9488853973571 6 444770581 18585895 18585895 18585895 4 N 
1BJdYUxwQTV3mTuArm2KGEutB7umCfy93K 86.71013 93.001785 87.14918 86.252335 1381 797 584 654 620 68 1047 995 true true 57.711803 1.191444E8 1.62599488E8 8.26016830773054E8 9.720273147030145E8 9.4483707E17 9.4672603E17 94958113369 94958113369 2507.3551716200363 1583.3954982728417 77 20068000000 0 34692 912359 94 N 
15m6D9eLHfEPVWfN5LnCtzqS2S5cumojBt 98.605804 99.00599 96.12935 96.13295 23263 16396 6867 14272 6857 68 1579 1189 true true 70.48102 8.0686093E8 1.92647962E9 4.817194675109692E10 8.044210436048413E10 6.4716586E21 6.471779E21 13229139572003 13229155150034 278659.17406711663 220390.17135971674 371 4800000000000 0 2863 3188219 502 N 
1GBKo5N5FMhyGm7LMoCrUa7NUyMt9M1fsR 95.3394 44.444443 42.75269 66.66667 183 180 3 117 1 0 349 348 false true 98.36066 7.7327264E8 4.6396363E10 6.733521460735995E8 6.561436931040619E10 4.3052453E21 6.386712E21 139189085105 139189085105 27127.95303955078 7547.765990750982 3 138889085105 1094 10065 19037 5 N 
1NdGz4W1ghT1Zn73to797aVn3isPfc4wqq 81.25 78.571434 36.9421 34.444965 30 16 14 16 18 1 31 20 false false 53.333332 1.51937488E8 1.73642848E8 1.541393353361665E8 1.5754074626804954E8 2.48190848E16 2.52902148E16 2431000000 2431000000 364.27509427921774 345.60684416605903 2 200000000 1015 48528 401826 5 N 
15fdEWtDcc6THx9YMfVm4vLKEVcLc61C8s 98.616135 99.237686 95.42529 94.63227 28909 20136 8773 17208 8240 306 2535 2318 true true 69.653046 1.50742387E9 3.45998182E9 4.554341814115841E10 7.499885919104263E10 5.62498E21 5.6274245E21 30354900209908 30354980354817 827018.9346370783 498001.8887323339 412 4800000000000 0 2483 2625549 1066 N 
12TpB1wDgBmDowPuLADbhVEwHXMbgrkCT7 98.18188 88.88889 55.514603 55.4435 64 55 9 53 14 0 776 767 false false 85.9375 2.9188756E7 1.78375744E8 3.4598760815511785E7 1.9583555633838084E8 3.8351567E16 6.0608328E16 1605381697 1605381697 1074.292071068056 319.6960881274265 6 544580254 41576 1021396 4205621 6 N 
1G6hM5VwQ3ExWabBNVgUvwhrJqKKnxJbp3 90.415504 91.6667 45.12137 74.05371 107 95 12 84 15 3 1009 1009 false true 88.78505 1.03610064E8 8.2020538E8 1.4345078906997746E8 1.3455858073916662E9 1.81060139E18 2.32411002E18 9842465198 9842959094 1811.1832862815806 632.4966979786777 5 4006000000 0 2531831 16100368 16 N 
1MVsBMKmUL6AaYnesbaMBXDRr8kBrwZpAJ 93.94464 0.0 93.07123 0.0 35 34 1 34 1 0 977 976 false false 97.14286 6308500.0 2.14488992E8 2.3239795053202406E7 0.0 0.0 4.3339119E16 214488990 214488990 0.0 23.922181470746747 6 214488990 22020535 22020535 22020535 6 N 
14hBsz2hg3YKAUeigArTHw4Ax1M2LGRi4m 99.127106 98.91394 63.065823 49.594486 671 550 121 336 105 3 299 249 false true 81.96722 2.08958128E8 9.4981005E8 2.808352353623731E8 1.0600952446633413E9 1.12380163E18 1.67266395E18 114927000000 114927000000 9327.999702718345 9389.5701379779 21 6827000000 0 43406 3253785 14 N 
1GX6P1YNYv3h4av8tL5DsXgDn177cJzaKM 96.87626 95.238045 60.095085 70.32275 119 98 21 72 25 4 2280 2280 false true 82.35294 3.198407E7 1.27694104E8 3.772091246258991E7 2.3326842732104442E8 5.4414165E16 6.3574574E16 2681575981 3134439442 5653.3837231647885 511.8564162124541 9 1176000000 29061 6300170 30500925 15 N 
19MPK6pxAxPs4Ubody7gSYXDpaKVNJnCNP 90.66668 89.94085 55.577213 49.41271 28 15 13 15 26 0 1 0 false false 53.57143 1.026E7 1.1838462E7 1.2560350313586002E7 1.281558731384626E7 1.64239281E14 1.66730832E14 153900000 153900000 11.003696119070982 10.296063917844556 15 0 6673 6673 6673 3 N 
181yEWseHoMCNzA1N55P7T6uLrXFDdJUiD 95.12993 98.1675 95.11607 85.59665 682 538 144 513 213 5 2378 2378 false true 78.88563 1.79839885E9 6.7189755E9 9.106968233455465E9 1.689837388444294E10 2.8555492E20 3.0976726E20 967532601405 967537429824 53153.23461541748 12909.662254728642 10 80000000000 0 461669 13917235 46 N 
1GyniLiVMhmr1RaWQJhKJ9R5KtNxYPAPPu 98.892746 99.29332 89.15637 88.157974 29960 21817 8143 18818 8030 148 2489 2214 true true 72.82043 4.782056E8 1.28118874E9 6.151166111525434E9 1.0512866799220432E10 1.1052058E20 1.1116442E20 10432616853847 10432676162627 582134.1584508835 426670.7294705025 417 921856000000 0 1805 472855 703 N 
1FFcKVUGgY8ytgDgVqZtXqDfAJLbcgcYtK 98.22898 98.88391 92.33084 90.82743 33783 25154 8629 22213 8439 311 2603 2499 true true 74.457565 3.9486048E8 1.15099494E9 5.594082493106991E9 1.0489309406810482E10 1.1002194E20 1.1059534E20 9931805088226 9931925403093 650279.5494424751 472191.3866920259 962 849487000000 0 2173 513629 1359 N 
1GmACpXmpL6FfFEGV4HmkSvxuPMNoBT12q 97.881615 90.90907 76.06801 61.31196 85 74 11 74 11 0 695 692 false false 87.05882 1.62892192E8 1.09582016E9 3.5516932974846154E8 1.2880639709394631E9 1.6591089E18 2.52946361E18 12054022162 12054022162 1491.6748153684318 2003.1788448355708 7 4000000000 0 6331556 50398028 20 N 
1KKxsTT1oiTGKbLisqd1rJrF8v3NMu1FyK 38.886463 73.469376 10.9218 73.39937 225 190 35 166 20 1 819 818 false true 84.44444 1.00687472E8 5.4658989E8 5.246739735640316E7 1.3299077316862097E9 1.76865461E18 1.96748356E18 19130650000 19130650000 12283.976402176004 2119.87202135053 3 7100650000 0 334018 1896716 18 N 
1QFvA2z3zVq2HVh8SE8Pprta7V6uvyoBj8 98.217865 97.9973 87.27441 87.62996 4650 2555 2095 1465 3195 20 671 386 false true 54.946236 1.95890931E9 2.38902835E9 1.1379467864240242E10 1.3484182013416687E10 1.8182314E20 1.8200793E20 5005010655499 5005010655499 272213.21025779936 279702.8549481627 43 309414000000 0 9033 156643 51 N 
1Fho5TkPDPSqGZpss9D6ACnGmKCmzD6E28 98.057655 88.88889 33.86158 53.335594 256 247 9 234 15 0 1878 1822 false true 96.484375 1.03999464E8 2.85420928E9 7.834100570111187E7 2.830295400432412E9 8.0105728E18 1.5574225E19 25687884008 25687884008 29248.241414540862 2930.93173447178 7 8201907815 22047 18369353 76379432 5 N 
1QB2BvzYVT7BR8KmB9HXz6CgAovWY8jUjb 82.05589 90.10414 44.661156 54.122005 187 139 48 102 24 0 2339 1171 false true 74.33155 5.7466484E7 1.66311664E8 5.027302169363002E7 2.0808402131940085E8 4.3298957E16 5.5146216E16 7982961445 7987848991 10710.486323303567 1809.9338861359113 3 1507864969 0 329406 6821966 17 N 
1EawqXvM5DNAfgcYF92CocsBJAhz3oYmqr 99.850204 94.00001 83.11002 48.967766 876 856 20 181 21 0 2234 2215 false true 97.716896 3.1138742E7 1.19935987E9 7.581772764139757E7 1.198940759976156E9 1.43745903E18 2.80220022E18 23987200260 26654771906 50533.981714898735 15296.4198704197 5 5144385402 1192 418544 6195213 14 N 
1CANTf8k4nvB9DahLn6wucTtbvQGEz9GNQ 95.889595 92.19564 44.103096 55.028397 93 62 31 61 28 3 163 101 false false 66.666664 9.668556E7 1.93371104E8 9.52888860126817E7 2.0305314961592802E8 4.1230578E16 5.0578682E16 5994505297 5994505297 686.575807305401 561.3312753511436 3 602000000 0 87491 718591 14 N 
1rAyzHcZfHRX2mnQaZf6iZn9XaVZpjjKJ 45.441456 51.90311 47.77932 63.661842 96 79 17 69 16 1 1491 1490 false false 82.291664 1.65038224E8 7.6694291E8 5.0254551224013025E8 1.0534687396708279E9 1.10979646E18 1.47208595E18 13038031887 13038031887 74692.7317936571 39164.96276309492 4 5000000000 568 10653814 26237881 2 N 
1H5giH1st3HZVJQaD4qEEFSSzgC39caGK6 94.16332 92.50001 41.057026 67.00365 108 88 20 58 22 2 581 580 false true 81.48148 1.47240976E8 6.4786035E8 2.884363412439737E8 9.243494890249099E8 8.544219E17 1.10504176E18 12957207067 12957207067 1430.0371030848353 397.1008325777059 5 2753000000 0 764653 8131335 19 N 
19aQLHh2ve24ZV2SZV3xQmTB8CbWbSKDqo 98.67342 91.55558 80.64449 58.12215 117 102 15 84 19 0 198 160 false true 87.17949 1.34376218E9 9.1375821E9 3.7793316098429756E9 1.016611575719988E10 1.0334991E20 1.6409356E20 137063753639 137063753639 7711.045303679847 15150.509009034522 5 35001149255 143 118151 700165 16 N 
16kRBJNTXD18zRZXaypDWMHB1HRDUUUNYB 91.9706 71.99999 53.599133 46.05164 101 96 5 72 4 0 627 625 false true 95.04951 4.3659216E7 8.3825702E8 9.76116441730994E7 7.243776687737937E8 5.24723026E17 1.15610871E18 4191285193 4191285193 669.016665666771 431.53232307153627 3 2062694502 51 6212284 30999011 7 N 
1Cbm6RxEMWirmSQsvrqsFtubsWJtdW66rx 96.142044 93.20984 38.077633 56.5028 115 97 18 47 22 0 2220 2220 false true 84.347824 6.238818E7 3.0259184E8 4.278494725521938E7 3.328667861060415E8 1.10800295E17 1.6849813E17 5446654246 6051654246 57831.07544582631 1034.9932417199107 6 2001053367 351 496951 2899464 11 N 
1EmchHisE9bhNA5rqt5oUx8ck8TRh7A1Ht 99.346695 97.691246 36.342556 68.29303 927 880 47 865 69 1 924 921 false true 94.92988 1.3119644E8 2.45644237E9 1.0611276803300478E8 4.537607965299237E9 2.0589888E19 2.5996662E19 115452804934 115452804934 17677.487056850863 16326.299049502804 31 27132000000 0 362616 13192592 31 N 
18r3QyNVbty9AXMYJoHB1WyBSkLtRKjsNu 99.63224 97.62395 42.497036 31.169022 325 281 44 197 73 2 677 665 false true 86.46154 1.45221616E8 9.2743802E8 1.9791437337962604E8 5.39855789076462E8 2.91444249E17 9.033066E17 40807268591 40807268591 4754.737293971593 3632.0396693417774 6 2501913858 604 624536 24449080 22 N 
12DiJPStmDbBhnzwQKcWZM1WdhdHLnfe5u 86.28253 81.63265 39.639137 34.57253 61 54 7 54 5 0 122 122 false false 88.52459 5.914814E7 3.69999968E8 4.4404040276387095E7 2.4994513683721164E8 6.2472571E16 1.59101463E17 2590000000 3194000000 319.2826937646866 306.11596943080764 4 794000000 15053 123881 396643 3 N 
1UtjX3aPEXy3LmMGPmq7jBeSBFWt1TUj7 93.99091 85.714294 22.606247 41.86508 49 42 7 42 7 0 1025 1022 false false 85.71429 1.9928572E7 1.19571432E8 8316343.224389591 9.345423417444852E7 8.7336941E15 1.8662391E16 837000000 837000000 2227.90106471905 132.15653651556445 3 272000000 0 13706487 82192988 7 N 
1GoBZR4NutYzgDC1XNX7Vf2RTGECMMBvtR 73.011925 82.978004 39.033066 70.64796 1513 621 892 393 946 206 1653 1634 false true 41.04428 2.2325222E7 1.5542566E7 2.132979598680079E7 2.965170344688287E7 8.7921853E14 9.2523541E14 13864000000 13864000000 656.4590784467736 353.5321442974641 16 375000000 0 7861 274663 63 N 
1Dh225PqFhD8eDFzqPoT8j5uhPF2j815Cb 99.65677 90.2778 53.82451 60.847847 579 567 12 186 14 0 700 699 false true 97.92746 2.8086416E8 1.32708352E10 5.2359699592703086E8 1.567113925185837E10 2.4558461E20 4.14324E20 159250020381 159250020381 22065.082653827812 7237.10507634752 6 46985470381 10851 902910 10324772 13 N 
1FHuMP8V3JCqaDwmkwzAw7BuMWkxQbWCAD 99.36293 99.3725 48.948727 46.59539 654 424 230 383 233 0 741 539 false true 64.8318 1.63083456E8 3.00640768E8 1.5749695370396367E8 3.0889042785940754E8 9.5413283E16 1.14335319E17 69147369352 69147369352 6175.442538810088 6045.384927059129 8 3034000000 391 25732 1582248 7 N 
171LFRpvitpc2HzRCwtbC2ETJ7GCDzB9e 97.222305 75.0 30.62797 55.021645 40 36 4 36 1 0 1431 1431 false false 90.0 3.4142716E7 3.07282496E8 2.031933917224639E7 3.464525423300139E8 1.20029364E17 1.94634689E17 1229130000 1229137974 3146.8879723040877 240.97326988943743 2 898040000 46491058 46491058 46491058 2 N 
1BmDTtFwUar1ZbSG7YmiS69kNK5HjHHxde 98.62619 99.12588 93.70696 93.60912 36059 26670 9389 23847 9115 214 2525 2374 true true 73.96212 5.7433997E8 1.63142144E9 3.777258518444885E10 6.879877311324051E10 4.733776E21 4.7341986E21 15317413153650 15317503928119 499668.7158579992 423154.7127517162 610 4800000000000 0 2592 3188219 1325 N 
